city,state,zipcode,country,country_code,latitude,longitude
Port Blair,Andaman and Nicobar Islands,744103,India,IN,11.623377,92.726486
Vizianagaram,Andhra Pradesh,535002,India,IN,18.106659,83.395554
Kavali,Andhra Pradesh,524201,India,IN,14.913181,79.992981
Dharmavaram,Andhra Pradesh,515671,India,IN,14.413745,77.712616
Chirala,Andhra Pradesh,523157,India,IN,15.812074,80.355377
Markapur,Andhra Pradesh,518468,India,IN,15.764501,79.259491
Bhimavaram,Andhra Pradesh,534201,India,IN,16.544893,81.52124
Guntakal,Andhra Pradesh,515801,India,IN,15.167409,77.373627
Proddatur,Andhra Pradesh,516360,India,IN,14.752805,78.552757
Gudur,Andhra Pradesh,524101,India,IN,14.146319,79.850388
Nandyal,Andhra Pradesh,518501,India,IN,15.478569,78.483093
Tadepalligudem,Andhra Pradesh,534101,India,IN,16.814524,81.526558
Pulivendula,Andhra Pradesh,516390,India,IN,14.422232,78.226341
Narsapur,Andhra Pradesh,534275,India,IN,16.432983,81.696617
Ongole,Andhra Pradesh,523002,India,IN,15.505723,80.049919
Srikakulam,Andhra Pradesh,521132,India,IN,18.296974,83.896782
Eluru,Andhra Pradesh,534006,India,IN,16.703285,81.100388
Anakapalle,Andhra Pradesh,531001,India,IN,17.686001,83.008781
Madanapalle,Andhra Pradesh,517325,India,IN,13.55,78.5
Bheemili,Andhra Pradesh,531163,India,IN,17.887518,83.445679
Kakinada,Andhra Pradesh,533003,India,IN,16.989065,82.247467
Tirupati,Andhra Pradesh,517503,India,IN,13.629065,79.424446
Nellore,Andhra Pradesh,524003,India,IN,14.442599,79.986458
Machilipatnam,Andhra Pradesh,521001,India,IN,16.17,81.129997
Anantapur,Andhra Pradesh,515004,India,IN,14.685564,77.595406
Bapatla,Andhra Pradesh,522101,India,IN,15.896622,80.460434
Kadapa,Andhra Pradesh,516001,India,IN,14.477234,78.804932
Kurnool,Andhra Pradesh,518003,India,IN,15.834536,78.029366
Visakhapatnam,Andhra Pradesh,530005,India,IN,17.686815,83.218483
Adilabad,Andhra Pradesh,504001,India,IN,19.6667,78.533302
Warangal,Andhra Pradesh,506002,India,IN,18.000055,79.588165
Pithapuram,Andhra Pradesh,533450,India,IN,17.112427,82.252899
Vijayawada,Andhra Pradesh,520002,India,IN,16.515099,80.632095
Tenali,Andhra Pradesh,522201,India,IN,16.236719,80.647476
Visakhapatnam,Andhra Pradesh,530005,India,IN,17.690474,83.231049
Guntur,Andhra Pradesh,522007,India,IN,16.314209,80.435028
Rajahmundry,Andhra Pradesh,533106,India,IN,17.004393,81.783325
Kadiri,Andhra Pradesh,515591,India,IN,14.117532,78.15509
Chittoor,Andhra Pradesh,517001,India,IN,13.217096,79.100677
Srikalahasti,Andhra Pradesh,517644,India,IN,13.75269,79.703758
Gannavaram,Andhra Pradesh,521101,India,IN,16.538591,80.798218
Konavani Palem,Andhra Pradesh,531173,India,IN,17.417376,82.741653
Bongaigaon,Assam,783385,India,IN,26.500999,90.535233
Kalaigaon,Assam,784525,India,IN,26.57448,91.975243
Rangia,Assam,781354,India,IN,26.437252,91.62011
Silchar,Assam,788003,India,IN,24.833271,92.778908
Hailakandi,Assam,788151,India,IN,24.68469,92.564339
Gohpur,Assam,784168,India,IN,26.880077,93.60833
Dibrugarh,Assam,786003,India,IN,27.472834,94.911964
Chabua,Assam,786184,India,IN,27.48,95.18
Sivasagar,Assam,785640,India,IN,26.98,94.629997
Jalukbari - Guwahati,Assam,781014,India,IN,26.144358,91.642067
Hojai,Assam,782435,India,IN,26.006807,92.866402
North Lakhimpur,Assam,787031,India,IN,27.236317,94.09584
Jorhat,Assam,785005,India,IN,26.757874,94.209824
Guwahati,Assam,781018,India,IN,26.148043,91.731377
Tezpur,Assam,784501,India,IN,26.651218,92.783813
Samastipur,Bihar,848101,India,IN,25.862968,85.781029
Barh,Bihar,803213,India,IN,25.477585,85.709091
Harnaut,Bihar,803110,India,IN,25.369179,85.53006
Munger,Bihar,811201,India,IN,25.37571,86.474373
Begusarai,Bihar,851117,India,IN,25.416676,86.129379
Sasaram,Bihar,821115,India,IN,24.953514,84.011787
Bihta,Bihar,801103,India,IN,25.563322,84.869804
Bagaha,Bihar,845105,India,IN,27.122196,84.072235
Jamalpur,Bihar,811214,India,IN,25.312717,86.490608
Arrah,Bihar,802301,India,IN,25.556044,84.660332
Masaurhi,Bihar,804452,India,IN,25.35128,85.031143
Buxar,Bihar,802101,India,IN,25.564711,83.977745
Purnea,Bihar,854301,India,IN,25.771103,87.482185
Jahanabad,Bihar,804408,India,IN,25.213928,84.989555
Forbesganj,Bihar,854318,India,IN,26.298552,87.265388
Sitamarhi,Bihar,843302,India,IN,26.587299,85.501183
Rajgir,Bihar,803121,India,IN,25.017258,85.416161
Madhubani,Bihar,847211,India,IN,26.347883,86.071861
Saharsa,Bihar,852202,India,IN,25.883495,86.600624
Lakhisarai,Bihar,811311,India,IN,25.168901,86.092987
Banka,Bihar,813102,India,IN,24.885483,86.920731
Bihar Sharif,Bihar,803101,India,IN,25.19935,85.517609
Bodhgaya,Bihar,824231,India,IN,24.696135,84.986954
Muzaffarpur,Bihar,842001,India,IN,26.121473,85.368752
Aurangabad,Bihar,824101,India,IN,24.75,84.370003
Siwan,Bihar,841227,India,IN,26.219622,84.356659
Chhapra,Bihar,841301,India,IN,25.779566,84.749886
Jamui,Bihar,811307,India,IN,24.92,86.220001
Hajipur,Bihar,844101,India,IN,25.68,85.220001
Nawada,Bihar,805110,India,IN,24.879999,85.529999
Katihar,Bihar,854105,India,IN,25.533508,87.583748
Motihari,Bihar,845401,India,IN,26.65,84.916664
Bettiah,Bihar,845438,India,IN,26.799999,84.5
Darbhanga,Bihar,846004,India,IN,26.152973,85.901413
Bhagalpur,Bihar,813113,India,IN,25.253391,86.989059
Patna,Bihar,803202,India,IN,25.612677,85.158875
Gaya,Bihar,823001,India,IN,24.78001,84.981827
Silchar - Cachar,Assam,788007,India,IN,24.833946,92.779282
Raipur,Chhattisgarh,492001,India,IN,21.25,81.629997
Surajpur,Chhattisgarh,497229,India,IN,23.223047,82.87056
Durg,Chhattisgarh,491001,India,IN,21.190449,81.28492
Naya Raipur,Chhattisgarh,492101,India,IN,21.164993,81.775307
Mahasamund,Chhattisgarh,493445,India,IN,21.109133,82.0979
Barauda,Chhattisgarh,492007,India,IN,21.191774,81.718285
Korba,Chhattisgarh,495677,India,IN,22.363848,82.73484
Rajnandgaon,Chhattisgarh,491441,India,IN,21.097855,81.033707
Kawardha,Chhattisgarh,491995,India,IN,22.008951,81.224342
Chirimiri,Chhattisgarh,497449,India,IN,23.18795,82.354164
Raigarh,Chhattisgarh,496001,India,IN,21.9,83.400002
Dhamtari,Chhattisgarh,493773,India,IN,20.709999,81.550003
Bilaspur,Chhattisgarh,495001,India,IN,22.078642,82.152328
Jagdalpur,Chhattisgarh,494001,India,IN,19.07,82.029999
Nawapara Nagar,Chhattisgarh,493881,India,IN,20.973513,81.857948
Ambikapur,Chhattisgarh,497001,India,IN,23.116444,83.196121
Daman,Daman and Diu,396220,India,IN,20.397373,72.832802
Delhi,Delhi,110006,India,IN,28.679079,77.06971
Saidabad - New Delhi,Delhi,110044,India,IN,28.526592,77.290169
New Delhi,Delhi,110004,India,IN,28.6448,77.216721
Dwarka,Delhi,110075,India,IN,28.59214,77.046051
Kalamassery - Ernakulam,Kerala,682022,India,IN,10.051969,76.315773
Vasco da Gama,Goa,403802,India,IN,15.386033,73.84404
Panaji,Goa,403001,India,IN,15.496777,73.827827
Bicholim,Goa,403504,India,IN,15.601875,73.954636
Surendranagar,Gujarat,363002,India,IN,22.728392,71.637077
Mahuva,Gujarat,364290,India,IN,21.105001,71.771645
Patan,Gujarat,384265,India,IN,23.849325,72.126625
Himmatnagar,Gujarat,383001,India,IN,23.597969,72.969818
Gondal,Gujarat,360311,India,IN,21.961946,70.792297
Jetpur,Gujarat,360370,India,IN,21.761524,70.627625
Mahuva,Gujarat,364290,India,IN,21.092159,71.770462
Dahod,Gujarat,389151,India,IN,22.835602,74.255989
Porbandar,Gujarat,360576,India,IN,21.640575,69.605965
Dhanpur,Gujarat,389382,India,IN,22.633492,74.095993
Amreli,Gujarat,365601,India,IN,21.603176,71.222084
Bhatta - Paldi - Ahmedabad,Gujarat,380007,India,IN,23.00795,72.553757
Khambhat,Gujarat,388620,India,IN,22.318083,72.618988
Mansa,Gujarat,382845,India,IN,23.426788,72.657074
Botad,Gujarat,364710,India,IN,22.170424,71.668427
Bharuch,Gujarat,392001,India,IN,21.705723,72.998199
Upleta,Gujarat,360490,India,IN,21.741323,70.28112
Vapi,Gujarat,396191,India,IN,20.385181,72.911453
Mehsana,Gujarat,384002,India,IN,23.586761,72.369949
Viramgam,Gujarat,382150,India,IN,23.125837,72.057442
Anand,Gujarat,388001,India,IN,22.554029,72.948936
Bardoli,Gujarat,394601,India,IN,21.124857,73.11261
Jhagadia,Gujarat,393110,India,IN,21.719477,73.151009
Morbi,Gujarat,363641,India,IN,22.811989,70.823616
Bhuj,Gujarat,370001,India,IN,23.242001,69.666931
Kalol,Gujarat,382721,India,IN,22.606001,73.462997
Hazira,Gujarat,394510,India,IN,21.116226,72.651802
Surat,Gujarat,395010,India,IN,21.17024,72.831062
Deesa,Gujarat,385535,India,IN,24.258503,72.190674
Kadi,Gujarat,382715,India,IN,23.29785,72.331001
Amalsad,Gujarat,396310,India,IN,20.817595,72.954918
Nadiad,Gujarat,387001,India,IN,22.700001,72.870003
Jamnagar,Gujarat,361008,India,IN,22.470701,70.057732
Vadodara,Gujarat,390001,India,IN,22.310696,73.192635
Vastral - Ahmedabad,Gujarat,380038,India,IN,22.99988,72.660614
Gandhinagar,Gujarat,382016,India,IN,23.23756,72.647781
Palanpur,Gujarat,385001,India,IN,24.179331,72.426682
Dharampur,Gujarat,396050,India,IN,20.54014,73.179214
Ahmedabad,Gujarat,380002,India,IN,23.033863,72.585022
Junagadh,Gujarat,362001,India,IN,21.515471,70.456444
Halol,Gujarat,389360,India,IN,22.496063,73.475449
Rajkot,Gujarat,360001,India,IN,22.308155,70.800705
Unjha City,Gujarat,384170,India,IN,23.804337,72.393677
Paltan Bazaar,Guwahati,781008,India,IN,26.182245,91.754723
Jagadhri,Haryana,135002,India,IN,30.172716,77.299492
Hodal,Haryana,121106,India,IN,27.897551,77.384117
Palwal,Haryana,121102,India,IN,28.148735,77.332024
Gohana,Haryana,131301,India,IN,29.138407,76.693245
Narwana,Haryana,126116,India,IN,29.592957,76.119247
Rohtak,Haryana,124001,India,IN,28.895515,76.606613
Sirsa,Haryana,125055,India,IN,29.536535,75.025505
Fatehabad,Haryana,125050,India,IN,29.511778,75.455215
Karnal,Haryana,132001,India,IN,29.685629,76.990547
Panipat,Haryana,132103,India,IN,29.398928,76.977081
Bahadurgarh,Haryana,124507,India,IN,28.68,76.919998
Thanesar,Haryana,136119,India,IN,29.962072,76.817825
Jind,Haryana,126102,India,IN,29.316668,76.316666
Panchkula,Haryana,134108,India,IN,30.695202,76.854172
Ambala City,Haryana,134003,India,IN,30.37818,76.776695
Narnaul,Haryana,123001,India,IN,28.065796,76.101479
Zirakpur,Haryana,140604,India,IN,30.642803,76.816902
Sonepat,Haryana,131001,India,IN,28.928574,77.091492
Kurukshetra,Haryana,136118,India,IN,29.969513,76.878281
Hansi,Haryana,125033,India,IN,29.102377,75.965996
Bhiwani,Haryana,127308,India,IN,28.799046,76.133514
Hisar,Haryana,125001,India,IN,29.151861,75.721123
Julana,Haryana,126101,India,IN,29.121574,76.39772
Gurgaon,Haryana,122001,India,IN,28.457523,77.026344
Ner Chowk,Himachal Pradesh,175021,India,IN,31.604889,76.919533
Palampur,Himachal Pradesh,176061,India,IN,32.110542,76.536224
Shimla,Himachal Pradesh,171005,India,IN,31.104605,77.173424
Vijaypur,Jammu and Kashmir,184120,India,IN,32.564522,75.023148
Anantnag,Jammu and Kashmir,192101,India,IN,33.729729,75.14978
Ganderbal,Jammu and Kashmir,191131,India,IN,34.216496,74.771942
Baramulla,Jammu and Kashmir,193191,India,IN,34.202148,74.348259
Kargil,Jammu and Kashmir,194103,India,IN,34.556335,76.132507
Srinagar,Jammu and Kashmir,190003,India,IN,34.083656,74.797371
Jammu,Jammu and Kashmir,180002,India,IN,32.732998,74.864273
Pakur,Jharkhand,816107,India,IN,24.633568,87.849251
Jadugora,Jharkhand,832102,India,IN,22.656015,86.352882
Jorapokhar,Jharkhand,828110,India,IN,22.422455,85.760651
Domchanch,Jharkhand,825418,India,IN,24.47438,85.688744
Bokaro Steel City,Jharkhand,827012,India,IN,23.669296,86.151115
Ranchi,Jharkhand,834001,India,IN,23.344315,85.296013
Chakradharpur,Jharkhand,833102,India,IN,22.668312,85.625511
Hazaribagh,Jharkhand,825301,India,IN,23.99662,85.36911
Giridih,Jharkhand,815301,India,IN,24.184713,86.302193
Gumla,Jharkhand,835207,India,IN,23.041924,84.540833
Jharia,Jharkhand,828111,India,IN,23.742628,86.41114
Dhanbad,Jharkhand,828105,India,IN,23.795399,86.42704
Deoghar,Jharkhand,814112,India,IN,24.482775,86.695175
Godda,Jharkhand,814133,India,IN,24.827778,87.211388
Jamshedpur,Jharkhand,831001,India,IN,22.805618,86.20311
Nanjangud,Karnataka,571301,India,IN,12.12,76.68
Gokak,Karnataka,591307,India,IN,16.1667,74.833298
Sagar,Karnataka,577401,India,IN,14.16704,75.040298
Ramanagara,Karnataka,562159,India,IN,12.715035,77.281296
Chikkaballapura,Karnataka,562101,India,IN,13.432515,77.727478
Channapatna,Karnataka,562160,India,IN,12.651805,77.208946
Ranebennur,Karnataka,581115,India,IN,14.623801,75.621788
Belgaum,Karnataka,590019,India,IN,15.852792,74.498703
Huliyar,Karnataka,572111,India,IN,13.583274,76.540154
Harihar,Karnataka,577601,India,IN,14.530457,75.801094
Kushtagi,Karnataka,583278,India,IN,15.756595,76.192696
Udupi,Karnataka,576101,India,IN,13.340881,74.742142
Mandya,Karnataka,571401,India,IN,12.523731,76.894684
Bengaluru,Karnataka,560001,India,IN,12.971599,77.594566
Mangaluru,Karnataka,575015,India,IN,12.915605,74.855965
Kalaburagi,Karnataka,585102,India,IN,17.320486,76.839752
Ballari,Karnataka,583104,India,IN,15.139393,76.92144
Shimoga,Karnataka,577204,India,IN,13.92993,75.5681
Davanagere,Karnataka,577002,India,IN,14.464103,75.921661
Gauribidanur,Karnataka,561208,India,IN,13.611159,77.51696
Chikkaballapura,Karnataka,562101,India,IN,13.435455,77.731476
Dharwad,Karnataka,580008,India,IN,15.460252,75.010284
Hassan,Karnataka,573201,India,IN,13.009711,76.102898
Jamkhandi,Karnataka,587301,India,IN,16.504227,75.290932
Tumakuru,Karnataka,572101,India,IN,13.338263,77.10141
Karwar,Karnataka,581304,India,IN,14.801439,74.124069
Yelahanka - Bengaluru,Karnataka,560064,India,IN,13.094454,77.586014
Mysuru,Karnataka,570001,India,IN,12.29581,76.639381
Doddaballapura,Karnataka,561203,India,IN,13.298757,77.540817
Chintamani,Karnataka,563125,India,IN,13.401969,78.055138
Hoskote,Karnataka,562114,India,IN,13.07,77.800003
Hubballi,Karnataka,580021,India,IN,15.364708,75.123955
Puttur,Karnataka,574201,India,IN,12.768676,75.207062
Raichur,Karnataka,584101,India,IN,16.200829,77.362289
Chitradurga,Karnataka,577501,India,IN,14.23,76.400002
Mysore division,Karnataka,570001,India,IN,12.311827,76.652985
Bhadravati,Karnataka,577301,India,IN,13.84,75.702003
Bidar,Karnataka,585401,India,IN,17.92,77.519722
Nipani,Karnataka,591237,India,IN,16.4,74.383301
Davangere,Karnataka,577002,India,IN,14.470586,75.914154
Bijapur,Karnataka,586101,India,IN,16.827545,75.725327
Mudhol,Karnataka,587313,India,IN,16.333309,75.28582
Ejipura - Bengaluru,Karnataka,560001,India,IN,12.942621,77.627121
Hubli,Karnataka,580029,India,IN,15.371598,75.101166
Aland,Karnataka,585302,India,IN,17.570721,76.569733
Athani,Karnataka,591304,India,IN,16.724083,75.063843
Sedam,Karnataka,585222,India,IN,17.179991,77.275368
Varthur,Karnataka,560087,India,IN,12.938482,77.747711
Bangalore,Karnataka,560001,India,IN,12.972442,77.580643
Thiruvalla,Kerala,689101,India,IN,9.383452,76.574059
Kollam,Kerala,691008,India,IN,8.893212,76.614143
Chalakudy,Kerala,680722,India,IN,10.311879,76.331978
Thodupuzha,Kerala,685584,India,IN,9.897157,76.713409
Palakkad,Kerala,678001,India,IN,10.784703,76.653145
Vadakara,Kerala,673104,India,IN,11.608495,75.591705
Malappuram,Kerala,676517,India,IN,11.072035,76.074005
Kozhikode,Kerala,673017,India,IN,11.258753,75.780411
Kottayam,Kerala,686001,India,IN,9.591441,76.522171
Nedumangad,Kerala,695541,India,IN,8.603333,77.002777
Thiruvananthapuram,Kerala,695011,India,IN,8.524139,76.936638
Kochi,Kerala,682002,India,IN,9.939093,76.270523
North Paravoor,Kerala,683513,India,IN,10.140487,76.23053
Puthoor,Kerala,691507,India,IN,9.04,76.709999
Kochi,Kerala,682002,India,IN,9.931233,76.267303
Kannur,Kerala,670003,India,IN,11.874477,75.370369
Tirur,Kerala,676101,India,IN,10.914627,75.922096
Kothamangalam,Kerala,686666,India,IN,10.065206,76.629128
Thrissur,Kerala,680001,India,IN,10.530345,76.214729
Thalassery,Kerala,670101,India,IN,11.74805,75.48938
Dhanpuri,Madhya Pradesh,484114,India,IN,23.173939,81.565125
Mahidpur,Madhya Pradesh,456443,India,IN,23.486839,75.659157
Hoshangabad,Madhya Pradesh,461001,India,IN,22.744108,77.736969
Shahdol,Madhya Pradesh,484001,India,IN,23.302189,81.356804
Chhatarpur,Madhya Pradesh,471001,India,IN,24.916355,79.581184
Seoni,Madhya Pradesh,480661,India,IN,22.086868,79.543488
Pithampur,Madhya Pradesh,454775,India,IN,22.610683,75.680862
Balaghat,Madhya Pradesh,481001,India,IN,21.812876,80.18383
Dhar,Madhya Pradesh,454001,India,IN,22.601292,75.302467
Mhow,Madhya Pradesh,453441,India,IN,22.552437,75.756531
Khurai,Madhya Pradesh,470117,India,IN,24.043468,78.330353
Satna,Madhya Pradesh,485001,India,IN,24.579716,80.832176
Chhindwara,Madhya Pradesh,480001,India,IN,22.057163,78.938202
Karera,Madhya Pradesh,473660,India,IN,25.454794,78.133957
Shivpuri,Madhya Pradesh,473551,India,IN,25.42412,77.65799
Ratlam,Madhya Pradesh,457001,India,IN,23.334169,75.037636
Khandwa,Madhya Pradesh,450001,India,IN,21.825733,76.35257
Rewa,Madhya Pradesh,486001,India,IN,24.530727,81.29911
Guna,Madhya Pradesh,473001,India,IN,24.65,77.32
Vidisha,Madhya Pradesh,464001,India,IN,23.530001,77.82
Bhopal,Madhya Pradesh,462001,India,IN,23.259933,77.412613
Sehore,Madhya Pradesh,466001,India,IN,23.198437,77.095184
Jabalpur,Madhya Pradesh,482002,India,IN,23.185884,79.97438
Pipariya,Madhya Pradesh,461775,India,IN,22.762886,78.352478
Jaora,Madhya Pradesh,457226,India,IN,23.644524,75.131035
Damoh,Madhya Pradesh,470661,India,IN,23.839054,79.441025
Barwani,Madhya Pradesh,451551,India,IN,22.030001,74.900002
Indore Bhopal Road - Indore,Madhya Pradesh,453771,India,IN,23.200001,77.080002
Agar Malwa,Madhya Pradesh,465441,India,IN,23.710348,76.010178
Sheopur,Madhya Pradesh,476337,India,IN,25.67,76.699997
Sendhwa,Madhya Pradesh,451666,India,IN,21.681898,75.094269
Katni,Madhya Pradesh,483504,India,IN,23.833717,80.420609
Morena,Madhya Pradesh,476001,India,IN,26.5,78
Ujjain,Madhya Pradesh,456001,India,IN,23.1793,75.784912
Tikamgarh,Madhya Pradesh,472001,India,IN,24.756807,78.839264
Datia,Madhya Pradesh,475661,India,IN,25.665325,78.460938
Dewas,Madhya Pradesh,455001,India,IN,22.962267,76.050797
Shajapur,Madhya Pradesh,465001,India,IN,23.4333,76.266701
Indore,Madhya Pradesh,452002,India,IN,22.719568,75.857727
Mandla,Madhya Pradesh,481661,India,IN,22.597921,80.371384
Harda,Madhya Pradesh,461331,India,IN,22.356426,77.102737
Burhanpur,Madhya Pradesh,450331,India,IN,21.307373,76.230415
Gwalior,Madhya Pradesh,474001,India,IN,26.218287,78.182831
Sagar,Madhya Pradesh,470002,India,IN,23.83403,78.746567
Palwan - Beed,Maharashtra,431122,India,IN,18.970057,75.72065
Kolhapur,Maharashtra,416012,India,IN,16.713512,74.248749
Ratnagiri,Maharashtra,415612,India,IN,16.994444,73.300003
Goregaon - Mumbai,Maharashtra,400065,India,IN,19.155001,72.849998
Mumbai,Maharashtra,400012,India,IN,19.07609,72.877426
Jaysingpur,Maharashtra,416101,India,IN,16.779877,74.556374
Bhusawal,Maharashtra,425201,India,IN,21.045521,75.801094
Rasayani,Maharashtra,410207,India,IN,18.901457,73.176132
Ambernath,Maharashtra,421501,India,IN,19.186354,73.191948
Jalgaon Jamod,Maharashtra,443402,India,IN,21.04954,76.532028
Ausa,Maharashtra,413520,India,IN,18.245655,76.505356
Paithen,Maharashtra,431107,India,IN,19.487707,75.380768
Sinnar,Maharashtra,422103,India,IN,19.85306,74.000633
Yavatmal,Maharashtra,445001,India,IN,20.388794,78.120407
Dahanu,Maharashtra,401602,India,IN,19.990751,72.743675
Nilanga,Maharashtra,413521,India,IN,18.125875,76.750969
Morshi,Maharashtra,444905,India,IN,21.324196,78.013832
Chalisgaon,Maharashtra,424101,India,IN,20.464079,74.996857
Ambad Nashik,Maharashtra,422010,India,IN,19.969227,73.743195
Bhadravati,Maharashtra,442902,India,IN,20.112093,79.118698
Shegaon,Maharashtra,444203,India,IN,20.792713,76.694328
Georai,Maharashtra,431127,India,IN,19.263334,75.752426
Newasa,Maharashtra,414603,India,IN,19.551146,74.928162
Jalgaon,Maharashtra,425002,India,IN,21.004194,75.563942
Gangakhed,Maharashtra,431514,India,IN,18.966354,76.748077
Chiplun,Maharashtra,415605,India,IN,17.53231,73.517792
Vaijapur,Maharashtra,423701,India,IN,19.925682,74.728477
Chandrapur,Maharashtra,442402,India,IN,19.970324,79.30336
Kavathe Mahankal,Maharashtra,416405,India,IN,17.006298,74.865372
Akola,Maharashtra,444002,India,IN,20.707228,77.00296
Kalwan,Maharashtra,423501,India,IN,20.492281,74.026009
Amalner,Maharashtra,425401,India,IN,21.04241,75.063873
Hinganghat,Maharashtra,442301,India,IN,20.550573,78.841141
Udgir,Maharashtra,413517,India,IN,18.3934,77.113144
Junnar,Maharashtra,410502,India,IN,19.206861,73.875801
Jamner,Maharashtra,424206,India,IN,20.809378,75.778923
Khamgaon,Maharashtra,444303,India,IN,20.711622,76.566132
Mehkar,Maharashtra,443301,India,IN,20.149822,76.574036
Ichalkaranji,Maharashtra,416121,India,IN,16.709002,74.456078
Manmad,Maharashtra,423104,India,IN,20.251549,74.438354
Daryapur,Maharashtra,444803,India,IN,20.92207,77.326698
Arvi,Maharashtra,442201,India,IN,20.634085,79.140388
Paratwada,Maharashtra,444805,India,IN,21.27306,77.523422
Wani,Maharashtra,445304,India,IN,20.067541,78.958054
Pusad,Maharashtra,445204,India,IN,19.912676,77.56691
Aurangabad,Maharashtra,431005,India,IN,19.901054,75.352478
Warora,Maharashtra,442907,India,IN,20.23,79
Bhandara,Maharashtra,441904,India,IN,21.17,79.650002
Baramati,Maharashtra,413102,India,IN,18.150663,74.576782
Shahada,Maharashtra,425409,India,IN,21.546185,74.470009
Amravati,Maharashtra,444601,India,IN,20.937424,77.779549
Kavesar - Thane West - Thane,Maharashtra,400615,India,IN,19.262466,72.974106
Buldana,Maharashtra,443001,India,IN,20.536846,76.18087
Akot,Maharashtra,444101,India,IN,21.1,77.059998
Thane West - Thane,Maharashtra,400607,India,IN,19.226662,72.983833
Dombivli,Maharashtra,421201,India,IN,19.2094,73.093948
Pandharpur,Maharashtra,413304,India,IN,17.674553,75.323723
Osmanabad,Maharashtra,413501,India,IN,18.186066,76.041939
Gondia,Maharashtra,441601,India,IN,21.459801,80.195
Lonavala,Maharashtra,410401,India,IN,18.74806,73.407219
Vashi,Maharashtra,402107,India,IN,19.077065,72.998993
Mira Bhayandar,Maharashtra,401106,India,IN,19.295233,72.854393
Khadki - Pune,Maharashtra,411003,India,IN,18.569937,73.850639
Ghansoli - Navi Mumbai,Maharashtra,400701,India,IN,19.125362,72.999199
Pathardi Phata - Nashik,Maharashtra,422010,India,IN,19.946922,73.765434
Chikhli,Maharashtra,443201,India,IN,20.349098,76.265289
Malad East - Mumbai,Maharashtra,400097,India,IN,19.180874,72.857452
Karjat,Maharashtra,410201,India,IN,18.920902,73.323097
Kamptee,Maharashtra,441002,India,IN,21.207769,79.184052
Kalyan,Maharashtra,400007,India,IN,19.242439,73.120193
Andheri,Maharashtra,400053,India,IN,19.116625,72.862358
Thane,Maharashtra,400607,India,IN,19.21833,72.978088
Malegaon,Maharashtra,423105,India,IN,20.560797,74.52507
Devlali,Maharashtra,422401,India,IN,19.906166,73.824265
Nanded,Maharashtra,431601,India,IN,19.169815,77.319717
Umred,Maharashtra,441204,India,IN,20.861378,79.317856
Sangli,Maharashtra,416415,India,IN,16.867634,74.570389
Madha,Maharashtra,413209,India,IN,18.033587,75.522079
Ahmednagar,Maharashtra,414002,India,IN,19.101053,74.740677
Sangamner,Maharashtra,422605,India,IN,19.581099,74.205009
Solapur,Maharashtra,413001,India,IN,17.65992,75.906387
Washim,Maharashtra,444505,India,IN,20.1,77.150002
Malvan,Maharashtra,416606,India,IN,16.0667,73.466698
Kolhapur,Maharashtra,416012,India,IN,16.691307,74.244865
Shrirampur,Maharashtra,413709,India,IN,19.620296,74.654655
Latur,Maharashtra,413531,India,IN,18.407957,76.576767
Nashik,Maharashtra,422003,India,IN,19.997454,73.789803
Parbhani,Maharashtra,431401,India,IN,19.25779,76.773743
Mangrulpir,Maharashtra,444403,India,IN,20.316135,77.341171
Kopargaon,Maharashtra,423601,India,IN,19.883301,74.483299
Manwath,Maharashtra,431505,India,IN,19.299999,76.5
Satara,Maharashtra,415003,India,IN,17.691401,74.000938
Kosumb,Maharashtra,415804,India,IN,17.11458,73.591805
Partur,Maharashtra,431501,India,IN,19.595484,76.211067
Chimur,Maharashtra,442903,India,IN,20.501314,79.380173
Indapur,Maharashtra,413106,India,IN,18.11714,75.023918
Katraj - Pune,Maharashtra,411046,India,IN,18.445089,73.86898
Dhayari - Pune,Maharashtra,411041,India,IN,18.441833,73.812157
Saswad,Maharashtra,412301,India,IN,18.344749,74.031715
Junnar,Maharashtra,410502,India,IN,19.20928,73.872589
Beed,Maharashtra,431122,India,IN,18.992012,75.776138
Parli Vaijnath,Maharashtra,431515,India,IN,18.871204,76.535568
Bhadgaon,Maharashtra,424105,India,IN,20.666668,75.23333
Buti Bori,Maharashtra,441122,India,IN,20.927933,79.004143
Jalna,Maharashtra,431203,India,IN,19.846811,75.890633
Virar,Maharashtra,401303,India,IN,19.465622,72.806099
Dhule,Maharashtra,424001,India,IN,20.903118,74.774986
Nagpur,Maharashtra,440012,India,IN,21.146633,79.08886
Khalapur,Maharashtra,410202,India,IN,18.834003,73.288712
Pune,Maharashtra,411030,India,IN,18.516726,73.856255
Savner,Maharashtra,441107,India,IN,21.385311,78.92186
Karad,Maharashtra,415110,India,IN,17.286501,74.181427
Nalasopara,Maharashtra,401304,India,IN,19.432278,72.7743
Imphal,Manipur,795001,India,IN,24.813967,93.950279
Aizawl,Mizoram,796001,India,IN,23.727106,92.717636
Dharavi - Mumbai,Maharashtra,400017,India,IN,19.044218,72.85598
Borivali - Mumbai,Maharashtra,400091,India,IN,19.228825,72.854118
Dimapur,Nagaland,797113,India,IN,25.906267,93.727592
Dhenkanal,Odisha,759013,India,IN,20.660671,85.596954
Chatrapur,Odisha,761020,India,IN,19.354979,84.986732
Bhubaneswar,Odisha,751003,India,IN,20.296059,85.824539
Salipur,Odisha,754202,India,IN,20.484348,86.119194
Bargarh,Odisha,768028,India,IN,21.342585,83.624199
Brahmapur,Odisha,760001,India,IN,19.314962,84.79409
Sambalpur,Odisha,768003,India,IN,21.468185,83.975403
Anandapur,Odisha,758021,India,IN,21.2155,86.1222
Rajendra Nagar - Cuttack,Odisha,753013,India,IN,20.450474,85.905533
Nayagarh,Odisha,752070,India,IN,20.127028,85.105057
Rajgangpur,Odisha,770017,India,IN,22.205206,84.584251
Balasore,Odisha,756001,India,IN,21.494978,86.942657
Jharsuguda,Odisha,768201,India,IN,21.85,84.029999
Puri,Odisha,752001,India,IN,19.817743,85.828629
Cuttack,Odisha,753008,India,IN,20.462521,85.882988
Bhadrak,Odisha,756100,India,IN,21.051182,86.485748
Bhubaneswar,Odisha,751003,India,IN,20.296059,85.824539
Jaipatna,Odisha,766018,India,IN,19.482777,82.806702
Karaikal,Puducherry,609602,India,IN,10.92544,79.838005
Puducherry,Puducherry,605004,India,IN,11.916064,79.812325
Thirunallar city,Puducherry,609607,India,IN,10.930677,79.787643
Kothrud - Pune,Maharashtra,411058,India,IN,18.50989,73.807182
Malerkotla,Punjab,148023,India,IN,30.525005,75.890121
Gurdaspur,Punjab,143521,India,IN,32.041943,75.405334
Sri Muktsar Sahib,Punjab,152026,India,IN,30.480042,74.518204
Sahibzada Ajit Singh Nagar,Punjab,140307,India,IN,30.704649,76.717873
Rahon,Punjab,144517,India,IN,31.052128,76.1175
Bathinda,Punjab,151001,India,IN,30.210995,74.945473
Moga,Punjab,142001,India,IN,30.81646,75.171707
Batala,Punjab,143505,India,IN,31.823462,75.205063
Hoshiarpur,Punjab,146001,India,IN,31.527355,75.913673
Garhshankar,Punjab,144527,India,IN,31.213682,76.144012
Kapurthala,Punjab,144602,India,IN,31.379999,75.379997
Khanna,Punjab,141401,India,IN,30.702877,76.220222
Madhopur,Punjab,145024,India,IN,32.365288,75.59729
Rajpura,Punjab,140401,India,IN,30.483997,76.593948
Malout,Punjab,152107,India,IN,30.191515,74.497864
Fazilka,Punjab,152123,India,IN,30.403648,74.027962
Dhuri,Punjab,148024,India,IN,30.370001,75.870003
Pathankot,Punjab,145001,India,IN,32.265942,75.646873
Jagraon,Punjab,142026,India,IN,30.780001,75.480003
Patiala,Punjab,147001,India,IN,30.34,76.379997
Faridkot,Punjab,151203,India,IN,30.678186,74.739555
Phagwara,Punjab,144401,India,IN,31.22402,75.770798
Nabha,Punjab,147201,India,IN,30.373674,76.145187
Sunam,Punjab,148028,India,IN,30.129999,75.800003
Jalandhar,Punjab,144003,India,IN,31.326015,75.57618
Rupnagar,Punjab,140001,India,IN,30.975254,76.527328
Kharar,Punjab,140301,India,IN,30.751278,76.637192
Amritsar,Punjab,143006,India,IN,31.63398,74.872261
Mansa,Punjab,151505,India,IN,29.988245,75.379257
Sirhind,Punjab,140406,India,IN,30.64382,76.394119
Ajitgarh,Punjab,140307,India,IN,30.7076,76.715126
Mandi Gobindgarh,Punjab,147301,India,IN,30.682802,76.294212
Chandigarh,Chandigarh,160023,India,IN,30.741482,76.768066
Ferozepur,Punjab,152001,India,IN,30.923433,74.610214
Chittorgarh,Rajasthan,312001,India,IN,24.879999,74.629997
Pindwara,Rajasthan,307022,India,IN,24.7945,73.055
Sardarshahar,Rajasthan,331403,India,IN,28.440554,74.493011
Sirohi,Rajasthan,307801,India,IN,24.882618,72.858894
Banswara,Rajasthan,327001,India,IN,23.546757,74.43383
Pali,Rajasthan,306401,India,IN,25.771315,73.323685
Fatehpur,Rajasthan,332301,India,IN,27.99502,74.961792
Baran,Rajasthan,325205,India,IN,25.101145,76.513161
Kotputli,Rajasthan,303108,India,IN,27.703669,76.201195
Jhalawar,Rajasthan,326001,India,IN,24.597349,76.16098
Suratgarh,Rajasthan,335804,India,IN,29.320511,73.899399
Kekri,Rajasthan,305404,India,IN,25.973787,75.151535
Dholpur,Rajasthan,328001,India,IN,26.702518,77.893394
Kuchaman City,Rajasthan,341508,India,IN,27.147869,74.859489
Sri Ganganagar,Rajasthan,335001,India,IN,29.903839,73.87719
Nohar,Rajasthan,335523,India,IN,29.185776,74.771782
Balotra,Rajasthan,344022,India,IN,25.83087,72.24012
Hindaun City,Rajasthan,322230,India,IN,26.731142,77.033752
Dausa,Rajasthan,303303,India,IN,26.894478,76.334824
Jhunjhunu,Rajasthan,333001,India,IN,28.128876,75.399506
Churu,Rajasthan,331001,India,IN,28.29229,74.966583
Nimbahera,Rajasthan,312601,India,IN,24.620001,74.68
Makrana,Rajasthan,341505,India,IN,27.029617,74.716324
Sawaimadhopur,Rajasthan,322001,India,IN,25.983334,76.366669
Beawar,Rajasthan,305901,India,IN,26.100735,74.319077
Ajmer,Rajasthan,305001,India,IN,26.449896,74.639915
Sojat,Rajasthan,306104,India,IN,25.923853,73.665131
Sujangarh,Rajasthan,331507,India,IN,27.696903,74.452972
Chachiyawas,Rajasthan,305023,India,IN,26.570478,74.674438
Jaisalmer,Rajasthan,345001,India,IN,26.911661,70.922928
Kota,Rajasthan,324009,India,IN,25.155169,75.827248
Bikaner,Rajasthan,334001,India,IN,28.027138,73.302155
Jaipur,Rajasthan,302006,India,IN,26.92207,75.778885
Chomu,Rajasthan,303702,India,IN,27.17,75.720001
Bundi,Rajasthan,323001,India,IN,25.430513,75.649902
Bhankrota - Jaipur,Rajasthan,302006,India,IN,26.87063,75.693398
Sikar,Rajasthan,332001,India,IN,27.615406,75.125885
Alwar,Rajasthan,301001,India,IN,27.560932,76.625015
Hanumangarh,Rajasthan,335513,India,IN,29.625996,74.287491
Chittoor,Andhra Pradesh,517001,India,IN,24.888744,74.626923
Nagaur,Rajasthan,341001,India,IN,27.207006,73.742294
Rajsamand,Rajasthan,313324,India,IN,25.0667,73.883301
Jodhpur,Rajasthan,342006,India,IN,26.263863,73.008957
Dungargarh,Rajasthan,331803,India,IN,28.095606,74.011116
Bhilwara,Rajasthan,311001,India,IN,25.346251,74.636383
Kishangarh,Rajasthan,305801,India,IN,26.588528,74.872513
Udaipur,Rajasthan,313004,India,IN,24.57127,73.691544
Mavdi - Rajkot ,Gujarat,360004,India,IN,22.259392,70.777184
Gangtok,Sikkim,737103,India,IN,27.338936,88.606506
Mettur,Tamil Nadu,636401,India,IN,11.786253,77.800781
Tirumangalam,Tamil Nadu,625706,India,IN,9.823619,77.986565
Anakaputhur - Sriperumbudur,Tamil Nadu,602105,India,IN,12.946366,79.959244
Vaniyambadi,Tamil Nadu,635751,India,IN,12.695032,78.621887
Aruppukkottai,Tamil Nadu,626101,India,IN,9.515625,78.100014
Dindigul,Tamil Nadu,624001,India,IN,10.365581,77.970657
Kanchipuram,Tamil Nadu,631502,India,IN,12.834174,79.703644
Gingee,Tamil Nadu,604202,India,IN,12.252576,79.416924
Hosur,Tamil Nadu,635109,India,IN,12.735126,77.829338
Sankari,Tamil Nadu,637301,India,IN,11.477696,77.873886
Thandalam,Tamil Nadu,600128,India,IN,12.999464,80.117729
Kadayanallur,Tamil Nadu,627751,India,IN,9.077854,77.345184
Cuddalore,Tamil Nadu,607002,India,IN,11.744699,79.768021
Kumbakonam,Tamil Nadu,612001,India,IN,10.959815,79.380898
Anna Nagar - Chennai,Tamil Nadu,600040,India,IN,13.090994,80.224998
Srivilliputhur,Tamil Nadu,626125,India,IN,9.512137,77.634087
Paramakudi,Tamil Nadu,623707,India,IN,9.548395,78.591637
Virudhachalam,Tamil Nadu,606001,India,IN,11.519588,79.325157
Tenkasi,Tamil Nadu,627811,India,IN,8.959021,77.312935
Theni,Tamil Nadu,625531,India,IN,10.010366,77.476814
Tiruvannamalai,Tamil Nadu,606601,India,IN,12.228628,79.066544
Avinashi,Tamil Nadu,641654,India,IN,11.191447,77.268883
Sathankulam,Tamil Nadu,628704,India,IN,8.444186,77.912804
Arcot,Tamil Nadu,632503,India,IN,12.904441,79.31916
Mettupalayam,Tamil Nadu,641301,India,IN,11.289087,76.940971
Adambakkam - Chennai,Tamil Nadu,600016,India,IN,12.981241,80.20945
Bhavani,Tamil Nadu,638301,India,IN,11.452434,77.693253
Krishnagiri,Tamil Nadu,635001,India,IN,12.518611,78.213737
Ooty,Tamil Nadu,643001,India,IN,11.41,76.699997
Kattuvilai,Tamil Nadu,629809,India,IN,8.158933,77.336746
Kajamalai - Tiruchirappalli,Tamil Nadu,620023,India,IN,10.775632,78.69236
Vikramasingapuram,Tamil Nadu,627425,India,IN,8.699142,77.411041
Thoothukudi,Tamil Nadu,628008,India,IN,8.764166,78.134834
Pollachi,Tamil Nadu,642001,India,IN,10.657274,77.010666
Ennore - Chennai,Tamil Nadu,600057,India,IN,13.206524,80.327225
Tirupattur,Tamil Nadu,635653,India,IN,12.498351,78.560196
Adyar - Chennai,Tamil Nadu,600020,India,IN,13.003387,80.255043
Koyambedu - Chennai,Tamil Nadu,600107,India,IN,13.07279,80.176163
Tiruchengode,Tamil Nadu,637211,India,IN,11.378476,77.894493
Nagercoil,Tamil Nadu,629001,India,IN,8.17445,77.432159
Coimbatore,Tamil Nadu,641108,India,IN,11.017363,76.958885
Tirunelveli,Tamil Nadu,627007,India,IN,8.741222,77.694626
Vadapalani - Chennai,Tamil Nadu,600026,India,IN,13.052192,80.212051
Thanjavur,Tamil Nadu,613007,India,IN,10.786999,79.137825
Pudukkottai,Tamil Nadu,622003,India,IN,10.379663,78.820847
Vellore,Tamil Nadu,632004,India,IN,12.934968,79.146881
Sathyamangalam,Tamil Nadu,638402,India,IN,11.504776,77.238396
Udumalaipettai,Tamil Nadu,642126,India,IN,10.5833,77.25
Sriperumbudur,Tamil Nadu,602106,India,IN,12.97378,79.94133
Tiruppur,Tamil Nadu,641601,India,IN,11.110695,77.348045
Chennai,Tamil Nadu,600026,India,IN,13.067439,80.237617
Coimbatore,Tamil Nadu,641018,India,IN,11.004556,76.961632
Salem,Tamil Nadu,636001,India,IN,11.664325,78.146011
Chengalpattu,Tamil Nadu,603001,India,IN,12.693933,79.975662
Namakkal,Tamil Nadu,637001,India,IN,11.229592,78.171158
Virudhunagar,Tamil Nadu,626001,India,IN,9.587209,77.951431
Madurai,Tamil Nadu,625001,India,IN,9.939093,78.121719
Tambaram - Chennai,Tamil Nadu,600045,India,IN,12.922915,80.127457
Villupuram,Tamil Nadu,605602,India,IN,11.94596,79.497414
Sivakasi,Tamil Nadu,626123,India,IN,9.453126,77.807236
Melur,Tamil Nadu,625106,India,IN,10.030623,78.34021
Erode,Tamil Nadu,638001,India,IN,11.342423,77.728165
Siddipet,Telangana,502103,India,IN,18.101904,78.852074
Suryapet,Telangana,508213,India,IN,17.143908,79.623924
Khammam,Telangana,507001,India,IN,17.247253,80.151443
Kothagudem,Telangana,507101,India,IN,17.554356,80.619736
Ameerpet - Hyderabad,Telangana,500038,India,IN,17.437462,78.448288
Kodad,Telangana,508206,India,IN,16.99708,79.967361
Sangareddy,Telangana,502001,India,IN,17.611629,78.08181
Hanamkonda,Telangana,506001,India,IN,18.007202,79.558296
Ramagundam,Telangana,505215,India,IN,18.76182,79.480904
Narsampet,Telangana,506132,India,IN,17.928122,79.894531
Sircilla,Telangana,505301,India,IN,18.38662,78.802246
Jagtial,Telangana,505327,India,IN,18.794905,78.912872
Secunderabad,Telangana,500003,India,IN,17.440325,78.498894
Mahbubnagar,Telangana,509001,India,IN,16.737509,78.008125
Nalgonda,Telangana,508001,India,IN,17.05662,79.268333
Shamshabad,Telangana,501218,India,IN,17.25116,78.437737
Bhuvanagiri,Telangana,508116,India,IN,17.518345,78.885956
Mansoorabad - Hyderabad,Telangana,500070,India,IN,17.351372,78.565407
Karimnagar,Telangana,505001,India,IN,18.438555,79.128838
Secunderabad,Telangana,500003,India,IN,17.43993,78.498276
Bellampalli,Telangana,504251,India,IN,19.071556,79.491173
Hyderabad,Telangana,500004,India,IN,17.38714,78.491684
Agartala,Tripura,799006,India,IN,23.829321,91.277847
Lucknow,Uttar Pradesh,226001,India,IN,26.85,80.949997
Orai,Uttar Pradesh,285001,India,IN,25.989836,79.450035
Sambhal,Uttar Pradesh,244302,India,IN,28.590361,78.571762
Gola Gokarannath,Uttar Pradesh,262802,India,IN,28.078636,80.471588
Shikohabad,Uttar Pradesh,283135,India,IN,27.108416,78.584602
Najibabad,Uttar Pradesh,246763,India,IN,29.607981,78.342674
Fatehpur,Uttar Pradesh,212601,India,IN,25.920074,80.809998
Muzaffarnagar,Uttar Pradesh,251001,India,IN,29.471397,77.696732
Bulandshahar,Uttar Pradesh,203001,India,IN,28.411331,77.848434
Santha,Uttar Pradesh,272270,India,IN,26.994154,83.034798
Etawah,Uttar Pradesh,206001,India,IN,26.811712,79.004692
Lakhimpur,Uttar Pradesh,262701,India,IN,27.94908,80.782402
Sultanpur,Uttar Pradesh,228001,India,IN,26.264776,82.072708
Bela Pratapgarh,Uttar Pradesh,230001,India,IN,25.912968,81.991653
Ghazipur,Uttar Pradesh,233001,India,IN,25.584042,83.577019
Jaunpur,Uttar Pradesh,222002,India,IN,25.748695,82.698441
Bahraich,Uttar Pradesh,271801,India,IN,27.570839,81.598022
Hapur,Uttar Pradesh,245101,India,IN,28.730579,77.775879
Sikandra,Uttar Pradesh,209125,India,IN,26.367811,79.629158
Azamgarh,Uttar Pradesh,276001,India,IN,26.072067,83.185654
Ballia,Uttar Pradesh,277001,India,IN,25.758503,84.148911
Bisalpur,Uttar Pradesh,262201,India,IN,28.293783,79.804459
Jhansi,Uttar Pradesh,284002,India,IN,25.436298,78.567352
Etah,Uttar Pradesh,207001,India,IN,27.55875,78.662567
Mau,Uttar Pradesh,275101,India,IN,25.949638,83.558647
Bhadohi,Uttar Pradesh,221401,India,IN,25.38727,82.568031
Unnao,Uttar Pradesh,209801,India,IN,26.536938,80.48996
Farrukhabad,Uttar Pradesh,209625,India,IN,27.387049,79.588127
Saharanpur,Uttar Pradesh,247001,India,IN,29.959694,77.549057
Ghaziabad,Uttar Pradesh,201002,India,IN,28.667856,77.449791
Padrauna,Uttar Pradesh,274304,India,IN,26.898392,83.979713
Muradnagar,Uttar Pradesh,201206,India,IN,28.771646,77.507561
Barabanki,Uttar Pradesh,225001,India,IN,26.937834,81.188324
Mirzapur,Uttar Pradesh,231001,India,IN,25.133699,82.56443
Gola Gokrannath Kheri,Uttar Pradesh,262802,India,IN,28.080379,80.466644
Firozabad,Uttar Pradesh,283203,India,IN,27.159101,78.39576
Bulandshahr,Uttar Pradesh,203001,India,IN,28.406963,77.849831
Mahoba,Uttar Pradesh,210427,India,IN,25.292509,79.872665
Robertsganj,Uttar Pradesh,231216,India,IN,24.685001,83.068352
Unchahar,Uttar Pradesh,229406,India,IN,25.9,81.300003
Renukoot,Uttar Pradesh,231217,India,IN,24.220198,83.035957
Sikandrabad,Uttar Pradesh,203202,India,IN,28.452393,77.697205
Shahjahanpur,Uttar Pradesh,242001,India,IN,27.883743,79.912247
Raebareli,Uttar Pradesh,229001,India,IN,26.230299,81.240891
Hasanpur,Uttar Pradesh,244241,India,IN,28.719999,78.279999
Bijnor,Uttar Pradesh,246701,India,IN,29.372442,78.135849
Auraiya,Uttar Pradesh,206122,India,IN,26.469999,79.519997
Pilkhuwa,Uttar Pradesh,245304,India,IN,28.711969,77.654457
Hathras,Uttar Pradesh,204101,India,IN,27.6,78.050003
Khurja,Uttar Pradesh,203131,India,IN,28.252222,77.851784
Amroha,Uttar Pradesh,244221,India,IN,28.902397,78.465042
Sitapur,Uttar Pradesh,261001,India,IN,27.57509,80.663765
Budaun,Uttar Pradesh,243601,India,IN,28.033709,79.120544
Greater Noida,Uttar Pradesh,201306,India,IN,28.474388,77.50399
Orai,Uttar Pradesh,285001,India,IN,25.98,79.470001
Bargadi Magath,Uttar Pradesh,226201,India,IN,26.983795,80.92907
Lalitpur,Uttar Pradesh,284403,India,IN,24.68786,78.412018
Shamli,Uttar Pradesh,247776,India,IN,29.448055,77.31028
Balrampur,Uttar Pradesh,271201,India,IN,27.429707,82.176804
Moradabad,Uttar Pradesh,244001,India,IN,28.841064,78.795319
Gorakhpur,Uttar Pradesh,273009,India,IN,26.765844,83.364944
Kila - Khurja,Uttar Pradesh,203131,India,IN,28.23801,77.854912
Aligarh,Uttar Pradesh,202001,India,IN,27.900383,78.072281
Faizabad,Uttar Pradesh,224001,India,IN,26.77,82.150002
Naini,Uttar Pradesh,211008,India,IN,25.393978,81.85405
Agra,Uttar Pradesh,282003,India,IN,27.17667,78.008072
Dadri,Uttar Pradesh,203207,India,IN,28.54619,77.556213
Noida,Uttar Pradesh,201301,India,IN,28.535517,77.391029
Bareilly,Uttar Pradesh,243005,India,IN,28.375694,79.435959
Lakhimpur,Uttar Pradesh,262701,India,IN,27.947819,80.772141
Jalaun,Uttar Pradesh,285123,India,IN,26.140644,79.355621
Kanpur,Uttar Pradesh,208024,India,IN,26.449923,80.331871
Alambagh,Uttar Pradesh,226005,India,IN,26.805687,80.914993
Ghatampur,Uttar Pradesh,209206,India,IN,26.147612,80.170769
Prayagraj,Uttar Pradesh,211016,India,IN,25.473034,81.878357
Ghatampur,Uttar Pradesh,209206,India,IN,26.164066,80.17067
Kannauj,Uttar Pradesh,209726,India,IN,27.055189,79.918083
Varanasi,Uttar Pradesh,221002,India,IN,25.321684,82.987289
Noida,Uttar Pradesh,201301,India,IN,28.535517,77.391029
Rampur,Uttar Pradesh,244901,India,IN,28.802958,79.025444
Mathura,Uttar Pradesh,281001,India,IN,27.492413,77.673676
Basti,Uttar Pradesh,272001,India,IN,26.822845,82.763443
Modinagar,Uttar Pradesh,201204,India,IN,28.838299,77.581055
Banda,Uttar Pradesh,210001,India,IN,25.492249,80.336151
Pilibhit,Uttar Pradesh,262001,India,IN,28.627926,79.804176
Dhampur,Uttar Pradesh,246761,India,IN,29.257648,78.500061
Gonda,Uttar Pradesh,271001,India,IN,27.133875,81.96199
Meerut,Uttar Pradesh,250002,India,IN,28.984644,77.705956
Roorkee,Uttarakhand,247667,India,IN,29.854263,77.888
Rudrapur,Uttarakhand,263153,India,IN,28.978298,79.399612
Kashipur,Uttarakhand,244713,India,IN,29.210421,78.96183
Almora,Uttarakhand,263601,India,IN,29.594189,79.653893
Sitarganj,Uttarakhand,262405,India,IN,28.923548,79.700722
Haldwani,Uttarakhand,263139,India,IN,29.219677,79.512459
Pithoragarh,Uttarakhand,262501,India,IN,29.582861,80.218185
Udamanda,Uttarakhand,246473,India,IN,30.321989,79.195412
Haridwar,Uttarakhand,249401,India,IN,29.94569,78.164246
Dehradun,Uttarakhand,248001,India,IN,30.316496,78.032188
Srinagar - Uttarakhand,Uttarakhand,246174,India,IN,30.221399,78.780045
Rishikesh,Uttarakhand,249204,India,IN,30.08716,78.268112
Bazpur,Uttarakhand,263401,India,IN,29.162411,79.152168
Jalpaiguri,West Bengal,735121,India,IN,26.540457,88.719391
Suri,West Bengal,731101,India,IN,23.905445,87.52462
Alipurduar,West Bengal,736121,India,IN,26.49189,89.5271
Medinipur,West Bengal,721101,India,IN,22.430889,87.321487
Haringhata,West Bengal,741249,India,IN,22.96051,88.567406
Suti,West Bengal,742201,India,IN,24.618393,88.024338
Manikchak,West Bengal,732202,India,IN,25.077787,87.900375
Barjora,West Bengal,722202,India,IN,23.427221,87.287018
Lalgola,West Bengal,742148,India,IN,24.417534,88.250343
Basirhat,West Bengal,743411,India,IN,22.657402,88.86718
Mirpur,West Bengal,712310,India,IN,22.700474,88.319069
Contai,West Bengal,721401,India,IN,21.779188,87.744629
Payradanga,West Bengal,741247,India,IN,23.125587,88.546867
Maheshtala,West Bengal,700066,India,IN,22.511976,88.250992
Ghatal,West Bengal,721212,India,IN,22.663696,87.746803
Kharagpur,West Bengal,721302,India,IN,22.34601,87.231972
Siliguri,West Bengal,734001,India,IN,26.732311,88.410286
Kandi,West Bengal,742161,India,IN,23.9468,88.049713
Simlapal,West Bengal,722151,India,IN,22.916706,87.070351
Kotulpur,West Bengal,722141,India,IN,23.012794,87.593948
Debra,West Bengal,721124,India,IN,22.369043,87.55442
Nabadwip,West Bengal,741302,India,IN,23.406979,88.365593
Darjeeling,West Bengal,734102,India,IN,27.036007,88.262672
South Dumdum,West Bengal,700048,India,IN,22.607672,88.394493
Balurghat,West Bengal,733101,India,IN,25.237284,88.783058
Jamalpur,West Bengal,713408,India,IN,23.061089,87.992584
Durgapur,West Bengal,713216,India,IN,23.53344,87.32193
Asansol,West Bengal,713339,India,IN,23.673944,86.952393
Ranaghat,West Bengal,741201,India,IN,23.174049,88.563934
Raiganj,West Bengal,733134,India,IN,25.61853,88.125587
Cooch Behar,West Bengal,736101,India,IN,26.323921,89.451088
Burdwan,West Bengal,713104,India,IN,23.232513,87.863419
Bankura,West Bengal,722102,India,IN,23.233774,87.08725
Panskura,West Bengal,721152,India,IN,22.395582,87.741882
Santipur,West Bengal,741404,India,IN,23.255541,88.437363
Mallaguri - Siliguri,West Bengal,734003,India,IN,26.743464,88.416252
Sitalkuchi,West Bengal,736158,India,IN,26.169069,89.180122
Murshidabad,West Bengal,742149,India,IN,24.175903,88.280182
Kanchrapara,West Bengal,743134,India,IN,22.94923,88.420921
Manikchak,West Bengal,732202,India,IN,25.077787,87.900375
Haldia,West Bengal,721631,India,IN,22.066673,88.069809
Berhampore,West Bengal,742187,India,IN,24.098827,88.267929
Bally,West Bengal,711201,India,IN,22.655149,88.340553
Malda,West Bengal,732101,India,IN,25.010841,88.141098
Falta,West Bengal,743504,India,IN,22.296404,88.120995
Bongaon,West Bengal,743235,India,IN,23.07,88.82
Dalkhola,West Bengal,733201,India,IN,25.874945,87.845551
Barrackpore,West Bengal,700120,India,IN,22.767427,88.388344
Islampur,West Bengal,733202,India,IN,26.266701,88.199997
Purulia,West Bengal,723101,India,IN,23.342257,86.362839
Dankuni,West Bengal,712331,India,IN,22.671679,88.300209
Sukdal,West Bengal,713403,India,IN,23.356615,87.656837
Kolkata,West Bengal,711202,India,IN,22.572645,88.363892
Egra,West Bengali,721429,India,IN,21.900526,87.538078
